# en	pos	category	level	tr   (single-word concepts only; the 50 words already in data/flashcards_data.php are excluded)
one	num	Numbers	A1	bir
two	num	Numbers	A1	iki
three	num	Numbers	A1	üç
four	num	Numbers	A1	dört
five	num	Numbers	A1	beş
six	num	Numbers	A1	altı
seven	num	Numbers	A1	yedi
eight	num	Numbers	A1	sekiz
nine	num	Numbers	A1	dokuz
ten	num	Numbers	A1	on
hundred	num	Numbers	A1	yüz
thousand	num	Numbers	A2	bin
red	adj	Colors	A1	kırmızı
blue	adj	Colors	A1	mavi
green	adj	Colors	A1	yeşil
yellow	adj	Colors	A1	sarı
black	adj	Colors	A1	siyah
white	adj	Colors	A1	beyaz
brown	adj	Colors	A2	kahverengi
son	n	Family	A1	oğul
daughter	n	Family	A1	kız
brother	n	Family	A1	erkek kardeş
sister	n	Family	A1	kız kardeş
husband	n	Family	A2	koca
wife	n	Family	A2	karı
baby	n	Family	A1	bebek
child	n	Family	A1	çocuk
man	n	Family	A1	adam
woman	n	Family	A1	kadın
boy	n	Family	A1	erkek çocuk
girl	n	Family	A1	kız çocuk
neighbor	n	Family	A2	komşu
head	n	Body	A1	baş
hand	n	Body	A1	el
eye	n	Body	A1	göz
ear	n	Body	A1	kulak
nose	n	Body	A1	burun
mouth	n	Body	A1	ağız
heart	n	Body	A1	kalp
foot	n	Body	A1	ayak
arm	n	Body	A2	kol
leg	n	Body	A2	bacak
face	n	Body	A2	yüz
hair	n	Body	A2	saç
rice	n	Food	A1	pirinç
meat	n	Food	A1	et
fish	n	Food	A1	balık
egg	n	Food	A1	yumurta
cheese	n	Food	A1	peynir
fruit	n	Food	A1	meyve
vegetable	n	Food	A2	sebze
sugar	n	Food	A1	şeker
salt	n	Food	A1	tuz
beer	n	Food	A2	bira
wine	n	Food	A2	şarap
breakfast	n	Food	A1	kahvaltı
potato	n	Food	A2	patates
tomato	n	Food	A2	domates
chicken	n	Food	A2	tavuk
orange	n	Food	A2	portakal
banana	n	Food	A2	muz
bed	n	House	A1	yatak
kitchen	n	House	A1	mutfak
bathroom	n	House	A2	banyo
garden	n	House	A1	bahçe
key	n	House	A1	anahtar
wall	n	House	A2	duvar
roof	n	House	A2	çatı
sun	n	Nature	A1	güneş
moon	n	Nature	A1	ay
star	n	Nature	A1	yıldız
sky	n	Nature	A1	gökyüzü
rain	n	Nature	A1	yağmur
snow	n	Nature	A1	kar
wind	n	Nature	A2	rüzgâr
tree	n	Nature	A1	ağaç
flower	n	Nature	A1	çiçek
sea	n	Nature	A1	deniz
river	n	Nature	A2	nehir
mountain	n	Nature	A2	dağ
fire	n	Nature	A2	ateş
dog	n	Nature	A1	köpek
cat	n	Nature	A1	kedi
bird	n	Nature	A1	kuş
horse	n	Nature	A2	at
cow	n	Nature	A2	inek
today	adv	Time	A1	bugün
tomorrow	adv	Time	A1	yarın
yesterday	adv	Time	A1	dün
now	adv	Time	A1	şimdi
hour	n	Time	A1	saat
minute	n	Time	A1	dakika
evening	n	Time	A1	akşam
airport	n	Travel	A1	havalimanı
plane	n	Travel	A1	uçak
bus	n	Travel	A1	otobüs
street	n	Travel	A1	sokak
map	n	Travel	A2	harita
passport	n	Travel	A2	pasaport
station	n	Travel	A2	istasyon
bridge	n	Travel	A2	köprü
taxi	n	Travel	A1	taksi
bag	n	Travel	A2	çanta
shirt	n	Shopping	A1	gömlek
dress	n	Shopping	A2	elbise
shoe	n	Shopping	A1	ayakkabı
teacher	n	Education	A1	öğretmen
student	n	Education	A1	öğrenci
language	n	Education	A1	dil
word	n	Education	A1	kelime
question	n	Education	A1	soru
answer	n	Education	A2	cevap
lesson	n	Education	A2	ders
paper	n	Education	A2	kâğıt
name	n	Education	A1	isim
work	n	Work	A1	iş
office	n	Work	A2	ofis
doctor	n	Work	A1	doktor
police	n	Work	A2	polis
company	n	Work	A2	şirket
computer	n	Work	A1	bilgisayar
telephone	n	Work	A1	telefon
letter	n	Work	A2	mektup
hospital	n	Work	A2	hastane
medicine	n	Work	A2	ilaç
bank	n	Work	A2	banka
angry	adj	Emotion	A2	kızgın
afraid	adj	Emotion	A2	korkmuş
hope	n	Emotion	A2	umut
fear	n	Emotion	A2	korku
dream	n	Emotion	A2	rüya
go	v	Actions	A1	gitmek
come	v	Actions	A1	gelmek
eat	v	Actions	A1	yemek
drink	v	Actions	A1	içmek
sleep	v	Actions	A1	uyumak
read	v	Actions	A1	okumak
write	v	Actions	A1	yazmak
speak	v	Actions	A1	konuşmak
listen	v	Actions	A1	dinlemek
see	v	Actions	A1	görmek
buy	v	Actions	A1	satın almak
sell	v	Actions	A2	satmak
give	v	Actions	A1	vermek
take	v	Actions	A1	almak
want	v	Actions	A1	istemek
know	v	Actions	A1	bilmek
live	v	Actions	A1	yaşamak
walk	v	Actions	A1	yürümek
run	v	Actions	A1	koşmak
open	v	Actions	A1	açmak
close	v	Actions	A1	kapatmak
help	v	Actions	A1	yardım etmek
wait	v	Actions	A1	beklemek
learn	v	Actions	A1	öğrenmek
think	v	Actions	A1	düşünmek
arrive	v	Actions	A2	varmak
leave	v	Actions	A2	ayrılmak
visit	v	Actions	A2	ziyaret etmek
remember	v	Actions	A2	hatırlamak
forget	v	Actions	A2	unutmak
understand	v	Actions	A1	anlamak
explain	v	Actions	A2	açıklamak
ask	v	Actions	A1	sormak
choose	v	Actions	A2	seçmek
decide	v	Actions	A2	karar vermek
try	v	Actions	A2	denemek
use	v	Actions	A2	kullanmak
find	v	Actions	A2	bulmak
lose	v	Actions	A2	kaybetmek
win	v	Actions	A2	kazanmak
pay	v	Actions	A2	ödemek
cook	v	Actions	A2	pişirmek
wash	v	Actions	A2	yıkamak
wear	v	Actions	A2	giymek
carry	v	Actions	A2	taşımak
bring	v	Actions	A2	getirmek
send	v	Actions	A2	göndermek
follow	v	Actions	A2	takip etmek
dance	v	Actions	A2	dans etmek
sing	v	Actions	A2	şarkı söylemek
swim	v	Actions	A2	yüzmek
fly	v	Actions	A2	uçmak
cut	v	Actions	A2	kesmek
build	v	Actions	A2	inşa etmek
change	v	Actions	A2	değiştirmek
finish	v	Actions	A2	bitirmek
begin	v	Actions	A2	başlamak
stop	v	Actions	A2	durmak
play	v	Actions	A1	oynamak
watch	v	Actions	A1	izlemek
laugh	v	Actions	A2	gülmek
cry	v	Actions	A2	ağlamak
believe	v	Actions	A2	inanmak
big	adj	Describing	A1	büyük
small	adj	Describing	A1	küçük
good	adj	Describing	A1	iyi
bad	adj	Describing	A1	kötü
beautiful	adj	Describing	A1	güzel
easy	adj	Describing	A1	kolay
difficult	adj	Describing	A1	zor
fast	adj	Describing	A1	hızlı
slow	adj	Describing	A1	yavaş
long	adj	Describing	A1	uzun
short	adj	Describing	A1	kısa
young	adj	Describing	A1	genç
heavy	adj	Describing	A2	ağır
clean	adj	Describing	A2	temiz
dirty	adj	Describing	A2	kirli
full	adj	Describing	A2	dolu
empty	adj	Describing	A2	boş
hungry	adj	Describing	A1	aç
thirsty	adj	Describing	A1	susamış
sick	adj	Describing	A2	hasta
rich	adj	Describing	A2	zengin
poor	adj	Describing	A2	fakir
strong	adj	Describing	A2	güçlü
weak	adj	Describing	A2	zayıf
dangerous	adj	Describing	A2	tehlikeli
important	adj	Describing	A2	önemli
famous	adj	Describing	A2	ünlü
different	adj	Describing	A2	farklı
same	adj	Describing	A2	aynı
ready	adj	Describing	A2	hazır
busy	adj	Describing	A2	meşgul
quiet	adj	Describing	A2	sessiz
wet	adj	Describing	A2	ıslak
dry	adj	Describing	A2	kuru
sweet	adj	Describing	A2	tatlı
thin	adj	Describing	A2	ince
deep	adj	Describing	A2	derin
always	adv	General	A1	her zaman
never	adv	General	A1	asla
often	adv	General	A2	sık sık
sometimes	adv	General	A2	bazen
again	adv	General	A2	tekrar
together	adv	General	A2	birlikte
alone	adv	General	A2	yalnız
here	adv	General	A1	burada
there	adv	General	A1	orada
very	adv	General	A1	çok
idea	n	General	A2	fikir
problem	n	General	A2	sorun
reason	n	General	A2	neden
story	n	General	A2	hikâye
news	n	General	A2	haber
music	n	General	A1	müzik
film	n	General	A1	film
game	n	General	A1	oyun
sport	n	General	A2	spor
world	n	General	A2	dünya
life	n	General	A2	hayat
war	n	General	A2	savaş
peace	n	General	A2	barış
picture	n	General	A2	resim
gift	n	General	A2	hediye
newspaper	n	General	A2	gazete
weather	n	General	A2	hava durumu
holiday	n	Travel	A2	tatil
tourist	n	Travel	A2	turist
restaurant	n	Food	A1	restoran
library	n	Education	A2	kütüphane
museum	n	Travel	A2	müze
